UID,NETID,ORCID,FullName,FirstName,LastName,MidName,Email,date_hired,date_terminated,Title
2dec06e9,Sadav,,"""Sadav, Manjit S.""",Manjit,Sadav,S,Sadav@school.edu,2000-10-01T00:00:00,2014-01-01T00:00:00,Professor
c81ef444,mindyGergman,,"""Gergman, Mindy E.""",Mindy,Gergman,E,mindyGergman@school.edu,2000-10-02T00:00:00,2014-01-02T00:00:00,Associate Professor
5c2cef0e,t_Vay,,"""Vay, Matilda W.""",Matilda,Vay,W,t_Vay@school.edu,2000-10-03T00:00:00,2014-01-03T00:00:00,Lecturer
b6f25071,sBach,,"""Bach, Susan A.""",Susan,Bach,A,sBach@school.edu,2000-10-04T00:00:00,2014-01-04T00:00:00,Clinical Associate Professor
613870d1,kRoberts,,"""Roberts, Kathryn J.""",Kathryn,Roberts,J,kRoberts@school.edu,2000-10-05T00:00:00,2014-01-05T00:00:00,Assistant Professor
980e771d,jasenMaldonado,,"""Maldonado, Jasen J.""",Jasen,Maldonado,J,jasenMaldonado@school.edu,2000-10-06T00:00:00,2014-01-06T00:00:00,Assistant Professor
ea52a51f,Sahrana20,,"""Sahrana, Krishan C.""",Krishan,Sahrana,C,Sahrana20@school.edu,2000-10-07T00:00:00,2014-01-07T00:00:00,Visiting Associate Professor
0bcb050f,g-Gurry,,"""Gurry, Guy L.""",Guy,Gurry,L,g-Gurry@school.edu,2000-10-08T00:00:00,2014-01-08T00:00:00,Professor
3c8aa927,mohamed-t-Rahman,,"""Rahman, Mohamed T.""",Mohamed,Rahman,T,mohamed-t-Rahman@school.edu,2000-10-09T00:00:00,2014-01-09T00:00:00,Clinical Assistant Professor
e4fec57c,rDahl,,"""Dahl, Ronald A.""",Ronald,Dahl,A,rDahl@school.edu,2000-10-10T00:00:00,2014-01-10T00:00:00,Professor
f9f641f8,yeran.Sulik,,"""Sulik, Yeran M.""",Yeran,Sulik,M,yeran.Sulik@school.edu,2000-10-11T00:00:00,2014-01-11T00:00:00,Lecturer
de1f2aed,trobert,,"""Roberts, Tatyana""",Tatyana,Roberts,,trobert@school.edu,2000-10-12T00:00:00,2014-01-12T00:00:00,Clinical Associate Professor
6edf97c6,jmWarren,,"""Warren, Jonathan""",Jonathan,Warren,,jmWarren@school.edu,2000-10-13T00:00:00,2014-01-13T00:00:00,Professor
d6f8c320,mJackson,,"""Jackson, Michael A.""",Michael,Jackson,A,mJackson@school.edu,2000-10-14T00:00:00,2014-01-14T00:00:00,Lecturer
c7f9a04d,apederss,,"""Pederssen, Adam P.""",Adam,Pederssen,P,apederss@school.edu,2000-10-15T00:00:00,2014-01-15T00:00:00,Clinical Assistant Professor
0a2d481f,hagenwong,,"""wong, Hwagyun""",Hwagyun,wong,,hagenwong@school.edu,2000-10-16T00:00:00,2014-01-16T00:00:00,Assistant Professor
fed03dd1,johannaha,,"""Hahn, Johanna E.""",Johanna,Hahn,E,johannaha@school.edu,2000-10-17T00:00:00,2014-01-17T00:00:00,Instructional Assistant Professor
d2caf464,j-Preston,,"""Preston, John W.""",John,Preston,W,j-Preston@school.edu,2000-10-18T00:00:00,2014-01-18T00:00:00,Professor
786fc0f3,carmenj,,"""Juarez, Carmen L.""",Carmen,Juarez,L,carmenj@school.edu,2000-10-19T00:00:00,2014-01-19T00:00:00,Assistant Professor
9ed54600,m-Posnik,,"""Posnik, Michael P.""",Michael,Posnik,P,m-Posnik@school.edu,2000-10-20T00:00:00,2014-01-20T00:00:00,Professor
5e728236,gupta,,"""Gupta, Akhil""",Akhil,Gupta,,gupta@school.edu,2000-10-21T00:00:00,2014-01-21T00:00:00,Professor
f53479a0,llMonroe,,"""Monroe, Lori L.""",Lori,Monroe,L,llMonroe@school.edu,2000-10-22T00:00:00,2014-01-22T00:00:00,Associate Professor
6df86023,tanya.Pane,,"""Pane, Tanya""",Tanya,Pane,,tanya.Pane@school.edu,2000-10-23T00:00:00,2014-01-23T00:00:00,Lecturer
9c75f491,p-Strauss,,"""Strauss, Peter F.""",Peter,Strauss,F,p-Strauss@school.edu,2000-10-24T00:00:00,2014-01-24T00:00:00,Professor
7f4e9eb4,bobStagner,,"""Stagner, Robert O.""",Robert,Stagner,O,bobStagner@school.edu,2000-10-25T00:00:00,2014-01-25T00:00:00,Professor
ec810b24,lijenWuo,,"""Wuo, Li-Jen""",Li-Jen,Wuo,,lijenWuo@school.edu,2000-10-26T00:00:00,2014-01-26T00:00:00,Associate Professor
b2c12cd3,shaganBirkke,,"""Birkke, Shanna H.""",Shanna,Birkke,H,shaganBirkke@school.edu,2000-10-27T00:00:00,2014-01-27T00:00:00,Associate Professor
bd6831b8,yTimoshenko,,"""Timoshenko, Yaroslav""",Yaroslav,Timoshenko,,yTimoshenko@school.edu,2000-10-28T00:00:00,2014-01-28T00:00:00,Associate Professor
e3bd8752,Wang,,"""Wang, Lei""",Lei,Wang,,Wang@school.edu,2000-10-29T00:00:00,2014-01-29T00:00:00,Assistant Professor
4ff5edcb,jwoodey,,"""Woodey, Joanna R.""",Joanna,Woodey,R,jwoodey@school.edu,2000-10-30T00:00:00,2014-01-30T00:00:00,Senior Lecturer
8bf8898a,robin-m-Reiner,,"""Reiner, Robin M.""",Robin,Reiner,M,robin-m-Reiner@school.edu,2000-10-31T00:00:00,2014-01-31T00:00:00,Associate Professor
ce238e6e,Muchkin,,"""Muchkin, Robert S.""",Robert,Muchkin,S,Muchkin@school.edu,2000-11-01T00:00:00,2014-02-01T00:00:00,Instructional Assistant Professor
4.33E+12,r-Wurst,,"""Wurst, Ralph A.""",Ralph,Wurst,A,r-Wurst@school.edu,2000-11-02T00:00:00,2014-02-02T00:00:00,Professor
f2751f8b,nessoli,,"""Nesson, Liesl S.""",Liesl,Nesson,S,nessoli@school.edu,2000-11-03T00:00:00,2014-02-03T00:00:00,Senior Lecturer
40f09614,m-Burbanks,,"""Burbanks, Micky D.""",Micky,Burbanks,D,m-Burbanks@school.edu,2000-11-04T00:00:00,2014-02-04T00:00:00,Professor
8da37bea,aYuang,,"""Yuang, Anxiao""",Anxiao,Yuang,,aYuang@school.edu,2000-11-05T00:00:00,2014-02-05T00:00:00,Associate Professor
262ead89,joseph.Ditross,,"""Ditross, Joseph J.""",Joseph,Ditross,J,Ditross@school.edu,2000-11-06T00:00:00,2014-02-06T00:00:00,Professor
543231b1,andreas-Necker,,"""Necker, Andreas""",Andreas,Necker,,andreas-Necker@school.edu,2000-11-07T00:00:00,2014-02-07T00:00:00,Professor
bf813378,jamesdAbbott,,"""Abbott, James D.""",James,Abbott,D,jamesdAbbott@school.edu,2000-11-08T00:00:00,2014-02-08T00:00:00,Assistant Professor
84ce7aef,cGarsson,,"""Garsson, Charles W.""",Charles,Garsson,W,cGarsson@school.edu,2000-11-09T00:00:00,2014-02-09T00:00:00,Professor
42be1339,zmc,,"""Zetinos, Zenon""",Zenon,Zetinos,,zetinos@school.edu,2000-11-10T00:00:00,2014-02-10T00:00:00,Assistant Professor
ca61ede1,tjBrandon,,"""Brandon, Timothy J.""",Timothy,Brandon,J,tjBrandon@school.edu,2000-11-11T00:00:00,2014-02-11T00:00:00,Associate Professor
e7ee497b,belindaBraggs,,"""Braggs, Belinda L.""",Belinda,Braggs,L,belindaBraggs@school.edu,2000-11-12T00:00:00,2014-02-12T00:00:00,Lecturer
7f8372f3,Groass,,"""Groass, Harold P.""",Harold,Groass,P,Groass@school.edu,2000-11-13T00:00:00,2014-02-13T00:00:00,Professor
8.57E+08,gwMonroe,,"""Monroe, Georgianne W.""",Georgianne,Monroe,W,gwMonroe@school.edu,2000-11-14T00:00:00,2014-02-14T00:00:00,Associate Professor
c0f341af,rChaparo,,"""Chaparo, Robert M.""",Robert,Chaparo,M,rChaparo@school.edu,2000-11-15T00:00:00,2014-02-15T00:00:00,Professor
fd023ba6,Coghi,,"""Coghi, Behbood B.""",Behbood,Coghi,B,Coghi@school.edu,2000-11-16T00:00:00,2014-02-16T00:00:00,Professor
7a7aa175,kmMonroe,,"""Monroe, Kevin M.""",Kevin,Monroe,M,kmMonroe@school.edu,2000-11-17T00:00:00,2014-02-17T00:00:00,Executive Professor
97af54fb,dha,,"""Hauer, Dustin T.""",Dustin,Hauer,T,dha@school.edu,2000-11-18T00:00:00,2014-02-18T00:00:00,Lecturer
8422a439,jeTado,,"""Tado, John E.""",John,Tado,E,jeTado@school.edu,2000-11-19T00:00:00,2014-02-19T00:00:00,Associate Professor
883c4cb7,Rammstein,,"""Rammstein, Heather L.""",Heather,Rammstein,L,Rammstein@school.edu,2000-11-20T00:00:00,2014-02-20T00:00:00,Senior Lecturer
430cacbc,august,,"""Bloomberg, Wanda""",Wanda,Bloomberg,,august@school.edu,2000-11-21T00:00:00,2014-02-21T00:00:00,Adjunct Assistant Professor
b20fdbd9,s-Sane,,"""Sane, Stephen H.""",Stephen,Sane,H,s-Sane@school.edu,2000-11-22T00:00:00,2014-02-22T00:00:00,Distinguished Professor
c500baf1,blazenburn,,"""Grass, Kati P.""",Kati,Grass,P,,2000-11-23T00:00:00,2014-02-23T00:00:00,Veterinary Resident Instructor
9c4dca0b,aCarpou,,"""Carpou, Andreas A.""",Andreas,Carpou,A,aCarpou@school.edu,2000-11-24T00:00:00,2014-02-24T00:00:00,Professor and Head
9a25a80b,Ryak,,"""Ryak, Larry W.""",Larry,Ryak,W,Ryak@school.edu,2000-11-25T00:00:00,2014-02-25T00:00:00,Associate Professor
1921874d,Hanisg,,"""Hani, Salem G.""",Salem,Hani,G,Hanisg@school.edu,2000-11-26T00:00:00,2014-02-26T00:00:00,Associate Professor
274f2d27,kHartfield,,"""Hartfield, Lloyd K.""",Lloyd,Hartfield,K,kHartfield@school.edu,2000-11-27T00:00:00,2014-02-27T00:00:00,Lecturer
cc1476d6,d-Bilbaos,,"""Bilbaos, David L.""",David,Bilbaos,L,d-Bilbaos@school.edu,2000-11-28T00:00:00,2014-02-28T00:00:00,Professor
d138d94a,Horty,,"""Horty, Robert L.""",Robert,Horty,L,Horty@school.edu,2000-11-29T00:00:00,2014-03-01T00:00:00,Associate Professor
b9098a8e,s.Losh,,"""Losh, Stephen B.""",Stephen,Losh,B,s.Losh@school.edu,2000-11-30T00:00:00,2014-03-02T00:00:00,Assistant Professor
a90924e6,pyang,,"""Pyang, Ping""",Ping,Pyang,,pyang@school.edu,2000-12-01T00:00:00,2014-03-03T00:00:00,Professor
6ebab0fa,bill-Samac,,"""Samac, Bill""",Bill,Samac,,bill-Samac@school.edu,2000-12-02T00:00:00,2014-03-04T00:00:00,Professor
f17715d0,al-Gowan,,"""Gowan, Annie L.""",Annie,Gowan,L,al-Gowan@school.edu,2000-12-03T00:00:00,2014-03-05T00:00:00,Associate Professor
90e6f6c0,wHarter,,"""Harter, Weston W.""",Weston,Harter,W,wHarter@school.edu,2000-12-04T00:00:00,2014-03-06T00:00:00,Associate Professor
054759c0,rebeccaMcGill,,"""McGill, Rebecca E.""",Rebecca,McGill,E,rebeccaMcGill@school.edu,2000-12-05T00:00:00,2014-03-07T00:00:00,Assistant Professor
18fdb6b4,psLowess,,"""Lowess, Patricia S.""",Patricia,Lowess,S,psLowess@school.edu,2000-12-06T00:00:00,2014-03-08T00:00:00,Clinical Professor
38160486,wjKinley,,"""Kinley, William J.""",William,Kinley,J,wjKinley@school.edu,2000-12-07T00:00:00,2014-03-09T00:00:00,Senior Lecturer
9d92ca8b,serry,,"""Serry, Amie L.""",Amie,Serry,L,serry@school.edu,2000-12-08T00:00:00,2014-03-10T00:00:00,Assistant Lecturer
1aedaf52,bWinston,,"""Winston, S B.""",S,Winston,B,bWinston@school.edu,2000-12-09T00:00:00,2014-03-11T00:00:00,Professor
26f30b82,saskias,,"""Szewski, Saskia""",Saskia,Szewski,,saskias@school.edu,2000-12-10T00:00:00,2014-03-12T00:00:00,Associate Professor
96285042,Szewski,,"""Szewski, Thomas D.""",Thomas,Szewski,D,Szewski@school.edu,2000-12-11T00:00:00,2014-03-13T00:00:00,Associate Professor
24e3e4e2,woodly,,"""Woodly, Billy D.""",Billy,Woodly,D,woodly@school.edu,2000-12-12T00:00:00,2014-03-14T00:00:00,Professor
3469d15f,kPyndap,,"""Pyndap, Kathrin A.""",Kathrin,Pyndap,A,kPyndap@school.edu,2000-12-13T00:00:00,2014-03-15T00:00:00,Assistant Professor
d40b0c98,lMartin,,"""Martin, Lanny R.""",Lanny,Martin,R,lMartin@school.edu,2000-12-14T00:00:00,2014-03-16T00:00:00,Senior Lecturer
48d141da,g-Pappadopulos,,"""Pappadopulos, Gregory F.""",Gregory,Pappadopulos,F,g-Pappadopulos@school.edu,2000-12-15T00:00:00,2014-03-17T00:00:00,Professor
5677ce1c,Mepal,,"""Mepal, Bimal P.""",Bimal,Mepal,P,Mepal@school.edu,2000-12-16T00:00:00,2014-03-18T00:00:00,Assistant Professor
d522fec6,sAtckins,,"""Atckins, Stephen R.""",Stephen,Atckins,R,sAtckins@school.edu,2000-12-17T00:00:00,2014-03-19T00:00:00,Professor and Associate Dean
9ed36091,cNissen,,"""Nissen, Colleen V.""",Colleen,Nissen,V,cNissen@school.edu,2000-12-18T00:00:00,2014-03-20T00:00:00,Veterinary Intern Instructor
38f0640f,brianBriggs,,"""Briggs, Brian C.""",Brian,Briggs,C,brianBriggs@school.edu,2000-12-19T00:00:00,2014-03-21T00:00:00,Visiting Lecturer
0c7c03e3,gRetner,,"""Retner, Gary L.""",Gary,Retner,L,,2000-12-20T00:00:00,2014-03-22T00:00:00,Lecturer
bca92840,kyer,,"""Kyer, Ellisa L.""",Ellisa,Kyer,L,kyer@school.edu,2000-12-21T00:00:00,2014-03-23T00:00:00,Associate Professor
11e9b5be,jeffrey-m-b-Musner,,"""Musner, Jeffrey M.""",Jeffrey,Musner,M,jeffrey-m-b-Musner@school.edu,2000-12-22T00:00:00,2014-03-24T00:00:00,Clinical Associate Professor
194fc3c7,Pakostina,,"""Pakostina, Natalia V.""",Natalia,Pakostina,V,Pakostina@school.edu,2000-12-23T00:00:00,2014-03-25T00:00:00,Lecturer
8775e8bc,brunoh,,"""Brunoh, Linda L.""",Linda,Brunoh,L,brunoh@school.edu,2000-12-24T00:00:00,2014-03-26T00:00:00,Lecturer
ca139916,r-Tenrieth,,"""Tenrieth, Robin L.""",Robin,Tenrieth,L,r-Tenrieth@school.edu,2000-12-25T00:00:00,2014-03-27T00:00:00,Professor and Interim Head
54317d5b,garyBrison,,"""Brison, Gary T.""",Gary,Brison,T,garyBrison@school.edu,2000-12-26T00:00:00,2014-03-28T00:00:00,Associate Professor
ea775348,landy,,"""Landy, Ryland F.""",Ryland,Landy,F,landy@school.edu,2000-12-27T00:00:00,2014-03-29T00:00:00,Professor
b888266f,r-McGregor,0000-0002-5934-8808,"""McGregor, Robert B.""",Robert,McGregor,B,r-McGregor@school.edu,2000-12-28T00:00:00,2014-03-30T00:00:00,Associate Professor
dd8077e2,r-Booner,,"""Booner, Robert E.""",Robert,Booner,E,r-Booner@school.edu,2000-12-29T00:00:00,2014-03-31T00:00:00,Professor
f1c6fff3,gGartner,,"""Gartner, Gerard T.""",Gerard,Gartner,T,gGartner@school.edu,2000-12-30T00:00:00,2014-04-01T00:00:00,Professor
4663e6b4,le.Wu,,"""Wu, Le""",Le,Wu,,le.Wu@school.edu,2000-12-31T00:00:00,2014-04-02T00:00:00,Assistant Professor
a96b562e,tony-Bourgess,,"""Bourgess, Anthony""",Anthony,Bourgess,,tony-Bourgess@school.edu,2001-01-01T00:00:00,2014-04-03T00:00:00,Associate Professor
fda04cc0,aYehon,,"""Yehon, Alvin T.""",Alvin,Yehon,T,aYehon@school.edu,2001-01-02T00:00:00,2014-04-04T00:00:00,Associate Professor
bf942ec6,kevinKrisci,,"""Krisci, Kevin L.""",Kevin,Krisci,L,kevinKrisci@school.edu,2001-01-03T00:00:00,2014-04-05T00:00:00,Lecturer
fee0dccb,vuzella,,"""Vuzella, Nancy B.""",Nancy,Vuzella,B,vuzella@school.edu,2001-01-04T00:00:00,2014-04-06T00:00:00,Associate Professor
6340ff0a,herthy,,"""Herthy, Bharathi S.""",Bharathi,Herthy,S,herthy@school.edu,2001-01-05T00:00:00,2014-04-07T00:00:00,Lecturer
5cebea29,a-Thomsson,,"""Thomsson, Alston V.""",Alston,Thomsson,V,a-Thomsson@school.edu,2001-01-06T00:00:00,2014-04-08T00:00:00,Associate Professor
332dadae,rSmiths,,"""Smiths, Randolph H.""",Randolph,Smiths,H,rSmiths@school.edu,2001-01-07T00:00:00,2014-04-09T00:00:00,Clinical Professor
6dd3957c,jm-Micholssen,,"""Micholssen, John M.""",John,Micholssen,M,jm-Micholssen@school.edu,2001-01-08T00:00:00,2014-04-10T00:00:00,Associate Professor
e6ff3828,a-Poznan,,"""Poznan, Anthony N.""",Anthony,Poznan,N,a-Poznan@school.edu,2001-01-09T00:00:00,2014-04-11T00:00:00,Associate Professor
939f7165,julioBertol,,"""Bertol, Julio S.""",Julio,Bertol,S,julioBertol@school.edu,2001-01-10T00:00:00,2014-04-12T00:00:00,Associate Professor
4326eaa3,lShmidth,,"""Shmidth, Loren C.""",Loren,Shmidth,C,lShmidth@school.edu,2001-01-11T00:00:00,2014-04-13T00:00:00,Professor
1333856,jDexter,,"""Dexter, Jerry D.""",Jerry,Dexter,D,jDexter@school.edu,2001-01-12T00:00:00,2014-04-14T00:00:00,Executive Professor